Effective Date,Rate Type,Rate (%),Volume_bil
12/04/2024,SOFR,4.59,2265
12/03/2024,SOFR,4.64,2329
12/02/2024,SOFR,4.64,2440
11/29/2024,SOFR,4.59,2209
11/27/2024,SOFR,4.57,2136
11/26/2024,SOFR,4.58,2214
11/25/2024,SOFR,4.58,2206
11/22/2024,SOFR,4.57,2188
11/21/2024,SOFR,4.57,2291
11/20/2024,SOFR,4.56,2155
11/19/2024,SOFR,4.57,2275
11/18/2024,SOFR,4.57,2297
11/15/2024,SOFR,4.57,2425
11/14/2024,SOFR,4.58,2177
11/13/2024,SOFR,4.59,2233
11/12/2024,SOFR,4.6,2298
11/08/2024,SOFR,4.6,2184
11/07/2024,SOFR,4.82,2266
11/06/2024,SOFR,4.81,2128
11/05/2024,SOFR,4.82,2235
11/04/2024,SOFR,4.82,2308
11/01/2024,SOFR,4.86,2164
10/31/2024,SOFR,4.9,2244
10/30/2024,SOFR,4.81,2045
10/29/2024,SOFR,4.82,2116
10/28/2024,SOFR,4.82,2194
10/25/2024,SOFR,4.83,2188
10/24/2024,SOFR,4.83,2246
10/23/2024,SOFR,4.83,2129
10/22/2024,SOFR,4.83,2226
10/21/2024,SOFR,4.82,2322
10/18/2024,SOFR,4.84,2168
10/17/2024,SOFR,4.85,2334
10/16/2024,SOFR,4.86,2317
10/15/2024,SOFR,4.86,2272
10/11/2024,SOFR,4.81,2058
10/10/2024,SOFR,4.82,2198
10/09/2024,SOFR,4.83,2220
10/08/2024,SOFR,4.84,2166
10/07/2024,SOFR,4.83,2350
10/04/2024,SOFR,4.83,2377
10/03/2024,SOFR,4.85,2182
10/02/2024,SOFR,4.92,2426
10/01/2024,SOFR,5.05,2395
09/30/2024,SOFR,4.96,2523
09/27/2024,SOFR,4.84,2077
09/26/2024,SOFR,4.83,2329
09/25/2024,SOFR,4.84,2133
09/24/2024,SOFR,4.84,2171
09/23/2024,SOFR,4.83,2198
09/20/2024,SOFR,4.83,2147
09/19/2024,SOFR,4.82,2378
09/18/2024,SOFR,5.33,2194
09/17/2024,SOFR,5.38,2161
09/16/2024,SOFR,5.38,2212
09/13/2024,SOFR,5.33,2232
09/12/2024,SOFR,5.33,2087
09/11/2024,SOFR,5.32,2308
09/10/2024,SOFR,5.33,2161
09/09/2024,SOFR,5.34,2094
09/06/2024,SOFR,5.34,2119
09/05/2024,SOFR,5.35,2205
09/04/2024,SOFR,5.35,2169
09/03/2024,SOFR,5.34,2403
08/30/2024,SOFR,5.32,2011
08/29/2024,SOFR,5.33,2088
08/28/2024,SOFR,5.35,2030
08/27/2024,SOFR,5.35,2227
08/26/2024,SOFR,5.34,2039
08/23/2024,SOFR,5.33,2152
08/22/2024,SOFR,5.31,2037
08/21/2024,SOFR,5.31,1975
08/20/2024,SOFR,5.32,2101
08/19/2024,SOFR,5.32,2118
08/16/2024,SOFR,5.32,2131
08/15/2024,SOFR,5.35,2118
08/14/2024,SOFR,5.33,2108
08/13/2024,SOFR,5.34,2082
08/12/2024,SOFR,5.34,2138
08/09/2024,SOFR,5.34,2170
08/08/2024,SOFR,5.34,2196
08/07/2024,SOFR,5.33,2042
08/06/2024,SOFR,5.33,2086
08/05/2024,SOFR,5.32,2199
08/02/2024,SOFR,5.35,2077
08/01/2024,SOFR,5.35,2211
07/31/2024,SOFR,5.38,2185
07/30/2024,SOFR,5.33,1978
07/29/2024,SOFR,5.33,1982
07/26/2024,SOFR,5.35,2027
07/25/2024,SOFR,5.35,2129
07/24/2024,SOFR,5.34,2083
07/23/2024,SOFR,5.34,2011
07/22/2024,SOFR,5.33,2120
07/19/2024,SOFR,5.34,1992
07/18/2024,SOFR,5.34,2014
07/17/2024,SOFR,5.35,2025
07/16/2024,SOFR,5.35,2061
07/15/2024,SOFR,5.34,2175
07/12/2024,SOFR,5.34,1900
07/11/2024,SOFR,5.34,1920
07/10/2024,SOFR,5.34,1949
07/09/2024,SOFR,5.34,1913
07/08/2024,SOFR,5.32,2090
07/05/2024,SOFR,5.32,2126
07/03/2024,SOFR,5.33,2007
07/02/2024,SOFR,5.35,2110
07/01/2024,SOFR,5.4,1967
06/28/2024,SOFR,5.33,2024
06/27/2024,SOFR,5.34,1888
06/26/2024,SOFR,5.34,1897
06/25/2024,SOFR,5.33,1968
06/24/2024,SOFR,5.31,1992
06/21/2024,SOFR,5.31,1991
06/20/2024,SOFR,5.32,2052
06/18/2024,SOFR,5.33,2021
06/17/2024,SOFR,5.33,1975
06/14/2024,SOFR,5.31,1855
06/13/2024,SOFR,5.31,2035
06/12/2024,SOFR,5.31,1957
06/11/2024,SOFR,5.32,1946
06/10/2024,SOFR,5.32,1847
06/07/2024,SOFR,5.33,1934
06/06/2024,SOFR,5.33,2008
06/05/2024,SOFR,5.33,1989
06/04/2024,SOFR,5.33,2092
06/03/2024,SOFR,5.35,1912
05/31/2024,SOFR,5.34,2061
05/30/2024,SOFR,5.33,1824
05/29/2024,SOFR,5.33,1807
05/28/2024,SOFR,5.32,2013
05/24/2024,SOFR,5.32,1909
05/23/2024,SOFR,5.31,1916
05/22/2024,SOFR,5.31,1900
05/21/2024,SOFR,5.31,1929
05/20/2024,SOFR,5.31,1866
05/17/2024,SOFR,5.31,1964
05/16/2024,SOFR,5.31,2001
05/15/2024,SOFR,5.31,1936
05/14/2024,SOFR,5.31,1838
05/13/2024,SOFR,5.31,1805
05/10/2024,SOFR,5.31,1816
05/09/2024,SOFR,5.31,1871
05/08/2024,SOFR,5.31,1845
05/07/2024,SOFR,5.31,1864
05/06/2024,SOFR,5.31,1855
05/03/2024,SOFR,5.31,1863
05/02/2024,SOFR,5.31,1838
05/01/2024,SOFR,5.32,1955
04/30/2024,SOFR,5.34,1831
04/29/2024,SOFR,5.32,1781
04/26/2024,SOFR,5.32,1795
04/25/2024,SOFR,5.31,1774
04/24/2024,SOFR,5.31,1778
04/23/2024,SOFR,5.31,1757
04/22/2024,SOFR,5.31,1746
04/19/2024,SOFR,5.31,1780
04/18/2024,SOFR,5.3,1764
04/17/2024,SOFR,5.31,1731
04/16/2024,SOFR,5.31,1809
04/15/2024,SOFR,5.32,1938
04/12/2024,SOFR,5.31,1805
04/11/2024,SOFR,5.31,1857
04/10/2024,SOFR,5.31,1909
04/09/2024,SOFR,5.31,1826
04/08/2024,SOFR,5.31,1807
04/05/2024,SOFR,5.32,1898
04/04/2024,SOFR,5.32,1974
04/03/2024,SOFR,5.32,1985
04/02/2024,SOFR,5.34,1927
04/01/2024,SOFR,5.35,2023
03/28/2024,SOFR,5.34,1911
03/27/2024,SOFR,5.33,1807
03/26/2024,SOFR,5.32,1849
03/25/2024,SOFR,5.31,1820
03/22/2024,SOFR,5.31,1796
03/21/2024,SOFR,5.31,1849
03/20/2024,SOFR,5.31,1736
03/19/2024,SOFR,5.31,1813
03/18/2024,SOFR,5.31,1788
03/15/2024,SOFR,5.31,1803
03/14/2024,SOFR,5.31,1782
03/13/2024,SOFR,5.31,1784
03/12/2024,SOFR,5.31,1699
03/11/2024,SOFR,5.31,1804
03/08/2024,SOFR,5.31,1782
03/07/2024,SOFR,5.31,1793
03/06/2024,SOFR,5.31,1707
03/05/2024,SOFR,5.31,1807
03/04/2024,SOFR,5.31,1858
03/01/2024,SOFR,5.31,1783
02/29/2024,SOFR,5.32,1951
02/28/2024,SOFR,5.31,1620
02/27/2024,SOFR,5.31,1741
02/26/2024,SOFR,5.31,1739
02/23/2024,SOFR,5.31,1736
02/22/2024,SOFR,5.3,1620
02/21/2024,SOFR,5.3,1607
02/20/2024,SOFR,5.3,1610
02/16/2024,SOFR,5.3,1666
02/15/2024,SOFR,5.31,1746
02/14/2024,SOFR,5.3,1596
02/13/2024,SOFR,5.31,1714
02/12/2024,SOFR,5.31,1725
02/09/2024,SOFR,5.31,1581
02/08/2024,SOFR,5.31,1669
02/07/2024,SOFR,5.31,1797
02/06/2024,SOFR,5.31,1738
02/05/2024,SOFR,5.31,1731
02/02/2024,SOFR,5.32,1849
02/01/2024,SOFR,5.32,1897
01/31/2024,SOFR,5.32,1874
01/30/2024,SOFR,5.31,1642
01/29/2024,SOFR,5.31,1598
01/26/2024,SOFR,5.32,1712
01/25/2024,SOFR,5.32,1768
01/24/2024,SOFR,5.31,1596
01/23/2024,SOFR,5.31,1686
01/22/2024,SOFR,5.31,1595
01/19/2024,SOFR,5.31,1688
01/18/2024,SOFR,5.31,1746
01/17/2024,SOFR,5.32,1764
01/16/2024,SOFR,5.32,1854
01/12/2024,SOFR,5.31,1590
01/11/2024,SOFR,5.31,1648
01/10/2024,SOFR,5.31,1660
01/09/2024,SOFR,5.31,1693
01/08/2024,SOFR,5.31,1658
01/05/2024,SOFR,5.31,1674
01/04/2024,SOFR,5.32,1930
01/03/2024,SOFR,5.39,1832
01/02/2024,SOFR,5.4,1948
12/29/2023,SOFR,5.38,1702
12/28/2023,SOFR,5.4,1832
12/27/2023,SOFR,5.39,1722
12/26/2023,SOFR,5.35,1644
12/22/2023,SOFR,5.32,1667
12/21/2023,SOFR,5.31,1720
12/20/2023,SOFR,5.31,1678
12/19/2023,SOFR,5.31,1757
12/18/2023,SOFR,5.32,1665
12/15/2023,SOFR,5.32,1776
12/14/2023,SOFR,5.31,1695
12/13/2023,SOFR,5.31,1635
12/12/2023,SOFR,5.31,1713
12/11/2023,SOFR,5.32,1577
12/08/2023,SOFR,5.32,1610
12/07/2023,SOFR,5.32,1702
12/06/2023,SOFR,5.32,1707
12/05/2023,SOFR,5.33,1792
12/04/2023,SOFR,5.37,1631
12/01/2023,SOFR,5.39,1650
11/30/2023,SOFR,5.33,1850
11/29/2023,SOFR,5.31,1578
11/28/2023,SOFR,5.32,1593
11/27/2023,SOFR,5.32,1602
11/24/2023,SOFR,5.32,1521
11/22/2023,SOFR,5.31,1547
11/21/2023,SOFR,5.31,1603
11/20/2023,SOFR,5.31,1621
11/17/2023,SOFR,5.32,1587
11/16/2023,SOFR,5.32,1640
11/15/2023,SOFR,5.32,1605
11/14/2023,SOFR,5.32,1533
11/13/2023,SOFR,5.32,1494
11/10/2023,SOFR,5.32,1469
11/09/2023,SOFR,5.32,1526
11/08/2023,SOFR,5.32,1470
11/07/2023,SOFR,5.32,1546
11/06/2023,SOFR,5.32,1559
11/03/2023,SOFR,5.32,1579
11/02/2023,SOFR,5.33,1640
11/01/2023,SOFR,5.32,1621
10/31/2023,SOFR,5.35,1582
10/30/2023,SOFR,5.31,1470
10/27/2023,SOFR,5.31,1496
10/26/2023,SOFR,5.31,1506
10/25/2023,SOFR,5.3,1439
10/24/2023,SOFR,5.3,1387
10/23/2023,SOFR,5.3,1330
10/20/2023,SOFR,5.3,1396
10/19/2023,SOFR,5.3,1398
10/18/2023,SOFR,5.3,1396
10/17/2023,SOFR,5.31,1427
10/16/2023,SOFR,5.31,1450
10/13/2023,SOFR,5.31,1383
10/12/2023,SOFR,5.31,1467
10/11/2023,SOFR,5.31,1465
10/10/2023,SOFR,5.31,1522
10/06/2023,SOFR,5.31,1404
10/05/2023,SOFR,5.32,1520
10/04/2023,SOFR,5.32,1436
10/03/2023,SOFR,5.33,1498
10/02/2023,SOFR,5.32,1513
09/29/2023,SOFR,5.31,1537
09/28/2023,SOFR,5.31,1535
09/27/2023,SOFR,5.32,1388
09/26/2023,SOFR,5.31,1561
09/25/2023,SOFR,5.31,1524
09/22/2023,SOFR,5.3,1511
09/21/2023,SOFR,5.3,1522
09/20/2023,SOFR,5.3,1492
09/19/2023,SOFR,5.31,1562
09/18/2023,SOFR,5.31,1565
09/15/2023,SOFR,5.31,1586
09/14/2023,SOFR,5.3,1436
09/13/2023,SOFR,5.3,1385
09/12/2023,SOFR,5.3,1448
09/11/2023,SOFR,5.3,1378
09/08/2023,SOFR,5.3,1420
09/07/2023,SOFR,5.31,1479
09/06/2023,SOFR,5.3,1391
09/05/2023,SOFR,5.31,1472
09/01/2023,SOFR,5.31,1458
08/31/2023,SOFR,5.31,1549
08/30/2023,SOFR,5.3,1311
08/29/2023,SOFR,5.3,1314
08/28/2023,SOFR,5.3,1384
08/25/2023,SOFR,5.3,1344
08/24/2023,SOFR,5.3,1344
08/23/2023,SOFR,5.3,1270
08/22/2023,SOFR,5.3,1307
08/21/2023,SOFR,5.3,1322
08/18/2023,SOFR,5.3,1314
08/17/2023,SOFR,5.3,1343
08/16/2023,SOFR,5.3,1391
08/15/2023,SOFR,5.3,1413
08/14/2023,SOFR,5.3,1333
08/11/2023,SOFR,5.3,1347
08/10/2023,SOFR,5.3,1360
08/09/2023,SOFR,5.3,1322
08/08/2023,SOFR,5.3,1340
08/07/2023,SOFR,5.3,1349
08/04/2023,SOFR,5.3,1369
08/03/2023,SOFR,5.3,1413
08/02/2023,SOFR,5.3,1416
08/01/2023,SOFR,5.31,1495
07/31/2023,SOFR,5.31,1551
07/28/2023,SOFR,5.3,1419
07/27/2023,SOFR,5.31,1501
07/26/2023,SOFR,5.06,1452
07/25/2023,SOFR,5.06,1470
07/24/2023,SOFR,5.05,1365
07/21/2023,SOFR,5.05,1400
07/20/2023,SOFR,5.06,1460
07/19/2023,SOFR,5.05,1456
07/18/2023,SOFR,5.06,1482
07/17/2023,SOFR,5.06,1524
07/14/2023,SOFR,5.05,1448
07/13/2023,SOFR,5.06,1445
07/12/2023,SOFR,5.05,1361
07/11/2023,SOFR,5.06,1439
07/10/2023,SOFR,5.06,1506
07/07/2023,SOFR,5.06,1547
07/06/2023,SOFR,5.06,1573
07/05/2023,SOFR,5.06,1589
07/03/2023,SOFR,5.06,1579
06/30/2023,SOFR,5.09,1549
06/29/2023,SOFR,5.06,1542
06/28/2023,SOFR,5.06,1499
06/27/2023,SOFR,5.05,1481
06/26/2023,SOFR,5.05,1429
06/23/2023,SOFR,5.05,1389
06/22/2023,SOFR,5.05,1354
06/21/2023,SOFR,5.05,1387
06/20/2023,SOFR,5.05,1427
06/16/2023,SOFR,5.05,1405
06/15/2023,SOFR,5.06,1527
06/14/2023,SOFR,5.05,1397
06/13/2023,SOFR,5.05,1375
06/12/2023,SOFR,5.05,1399
06/09/2023,SOFR,5.05,1392
06/08/2023,SOFR,5.05,1402
06/07/2023,SOFR,5.05,1429
06/06/2023,SOFR,5.05,1414
06/05/2023,SOFR,5.06,1472
06/02/2023,SOFR,5.07,1475
06/01/2023,SOFR,5.08,1627
05/31/2023,SOFR,5.08,1623
05/30/2023,SOFR,5.06,1530
05/26/2023,SOFR,5.06,1476
05/25/2023,SOFR,5.06,1537
05/24/2023,SOFR,5.05,1401
05/23/2023,SOFR,5.05,1383
05/22/2023,SOFR,5.05,1434
05/19/2023,SOFR,5.05,1363
05/18/2023,SOFR,5.05,1401
05/17/2023,SOFR,5.05,1401
05/16/2023,SOFR,5.05,1466
05/15/2023,SOFR,5.06,1497
05/12/2023,SOFR,5.05,1352
05/11/2023,SOFR,5.05,1372
05/10/2023,SOFR,5.06,1410
05/09/2023,SOFR,5.06,1482
05/08/2023,SOFR,5.06,1497
05/05/2023,SOFR,5.06,1517
05/04/2023,SOFR,5.06,1590
05/03/2023,SOFR,4.81,1544
05/02/2023,SOFR,4.81,1537
05/01/2023,SOFR,4.81,1577
04/28/2023,SOFR,4.81,1378
04/27/2023,SOFR,4.81,1337
04/26/2023,SOFR,4.8,1345
04/25/2023,SOFR,4.8,1329
04/24/2023,SOFR,4.8,1298
04/21/2023,SOFR,4.8,1324
04/20/2023,SOFR,4.8,1281
04/19/2023,SOFR,4.8,1307
04/18/2023,SOFR,4.8,1364
04/17/2023,SOFR,4.8,1406
04/14/2023,SOFR,4.8,1312
04/13/2023,SOFR,4.8,1378
04/12/2023,SOFR,4.8,1358
04/11/2023,SOFR,4.8,1365
04/10/2023,SOFR,4.81,1366
04/06/2023,SOFR,4.81,1431
04/05/2023,SOFR,4.81,1427
04/04/2023,SOFR,4.83,1427
04/03/2023,SOFR,4.84,1477
03/31/2023,SOFR,4.87,1408
03/30/2023,SOFR,4.82,1319
03/29/2023,SOFR,4.83,1287
03/28/2023,SOFR,4.84,1345
03/27/2023,SOFR,4.81,1365
03/24/2023,SOFR,4.8,1290
03/23/2023,SOFR,4.8,1355
03/22/2023,SOFR,4.55,1203
03/21/2023,SOFR,4.55,1247
03/20/2023,SOFR,4.55,1288
03/17/2023,SOFR,4.55,1265
03/16/2023,SOFR,4.57,1272
03/15/2023,SOFR,4.58,1252
03/14/2023,SOFR,4.55,1203
03/13/2023,SOFR,4.55,1148
03/10/2023,SOFR,4.55,1088
03/09/2023,SOFR,4.55,1120
03/08/2023,SOFR,4.55,1096
03/07/2023,SOFR,4.55,1151
03/06/2023,SOFR,4.55,1129
03/03/2023,SOFR,4.55,1120
03/02/2023,SOFR,4.55,1150
03/01/2023,SOFR,4.55,1172
02/28/2023,SOFR,4.55,1230
02/27/2023,SOFR,4.55,1145
02/24/2023,SOFR,4.55,1122
02/23/2023,SOFR,4.55,1137
02/22/2023,SOFR,4.55,1129
02/21/2023,SOFR,4.55,1164
02/17/2023,SOFR,4.55,1209
02/16/2023,SOFR,4.55,1244
02/15/2023,SOFR,4.55,1239
02/14/2023,SOFR,4.55,1216
02/13/2023,SOFR,4.55,1153
02/10/2023,SOFR,4.55,1186
02/09/2023,SOFR,4.55,1212
02/08/2023,SOFR,4.55,1184
02/07/2023,SOFR,4.55,1208
02/06/2023,SOFR,4.55,1209
02/03/2023,SOFR,4.55,1216
02/02/2023,SOFR,4.56,1290
02/01/2023,SOFR,4.31,1199
01/31/2023,SOFR,4.31,1281
01/30/2023,SOFR,4.3,1158
01/27/2023,SOFR,4.3,1165
01/26/2023,SOFR,4.3,1165
01/25/2023,SOFR,4.31,1157
01/24/2023,SOFR,4.3,1163
01/23/2023,SOFR,4.3,1150
01/20/2023,SOFR,4.3,1169
01/19/2023,SOFR,4.31,1231
01/18/2023,SOFR,4.3,1193
01/17/2023,SOFR,4.31,1248
01/13/2023,SOFR,4.3,1101
01/12/2023,SOFR,4.3,1108
01/11/2023,SOFR,4.3,1142
01/10/2023,SOFR,4.31,1124
01/09/2023,SOFR,4.31,1127
01/06/2023,SOFR,4.31,1118
01/05/2023,SOFR,4.31,1134
01/04/2023,SOFR,4.3,1136
01/03/2023,SOFR,4.31,1257
12/30/2022,SOFR,4.3,1004
12/29/2022,SOFR,4.3,1037
12/28/2022,SOFR,4.3,1005
12/27/2022,SOFR,4.3,1048
12/23/2022,SOFR,4.3,991
12/22/2022,SOFR,4.3,1013
12/21/2022,SOFR,4.3,1031
12/20/2022,SOFR,4.3,1048
12/19/2022,SOFR,4.3,1087
12/16/2022,SOFR,4.32,1091
12/15/2022,SOFR,4.32,1144
12/14/2022,SOFR,3.8,1045
12/13/2022,SOFR,3.8,1051
12/12/2022,SOFR,3.8,1042
12/09/2022,SOFR,3.8,1058
12/08/2022,SOFR,3.8,1087
12/07/2022,SOFR,3.8,1088
12/06/2022,SOFR,3.8,1088
12/05/2022,SOFR,3.81,1096
12/02/2022,SOFR,3.81,1132
12/01/2022,SOFR,3.82,1174
11/30/2022,SOFR,3.82,1113
11/29/2022,SOFR,3.81,1026
11/28/2022,SOFR,3.8,1058
11/25/2022,SOFR,3.8,1003
11/23/2022,SOFR,3.79,984
11/22/2022,SOFR,3.8,1038
11/21/2022,SOFR,3.8,1015
11/18/2022,SOFR,3.8,1037
11/17/2022,SOFR,3.8,1075
11/16/2022,SOFR,3.81,1096
11/15/2022,SOFR,3.8,1149
11/14/2022,SOFR,3.79,1041
11/10/2022,SOFR,3.78,987
11/09/2022,SOFR,3.78,969
11/08/2022,SOFR,3.78,978
11/07/2022,SOFR,3.78,981
11/04/2022,SOFR,3.8,1014
11/03/2022,SOFR,3.8,1074
11/02/2022,SOFR,3.05,1021
11/01/2022,SOFR,3.05,1079
10/31/2022,SOFR,3.05,1075
10/28/2022,SOFR,3.05,951
10/27/2022,SOFR,3.04,973
10/26/2022,SOFR,3.03,972
10/25/2022,SOFR,3.02,961
10/24/2022,SOFR,3.01,962
10/21/2022,SOFR,3.02,955
10/20/2022,SOFR,3.03,963
10/19/2022,SOFR,3.04,919
10/18/2022,SOFR,3.04,967
10/17/2022,SOFR,3.05,979
10/14/2022,SOFR,3.04,958
10/13/2022,SOFR,3.04,1000
10/12/2022,SOFR,3.04,972
10/11/2022,SOFR,3.05,993
10/07/2022,SOFR,3.05,968
10/06/2022,SOFR,3.05,985
10/05/2022,SOFR,3.04,992
10/04/2022,SOFR,3.04,996
10/03/2022,SOFR,3,1009
09/30/2022,SOFR,2.98,956
09/29/2022,SOFR,2.96,906
09/28/2022,SOFR,2.98,911
09/27/2022,SOFR,2.98,949
09/26/2022,SOFR,2.99,976
09/23/2022,SOFR,2.99,968
09/22/2022,SOFR,2.99,1023
09/21/2022,SOFR,2.25,951
09/20/2022,SOFR,2.26,967
09/19/2022,SOFR,2.27,948
09/16/2022,SOFR,2.27,952
09/15/2022,SOFR,2.28,981
09/14/2022,SOFR,2.27,951
09/13/2022,SOFR,2.28,957
09/12/2022,SOFR,2.28,980
09/09/2022,SOFR,2.28,958
09/08/2022,SOFR,2.28,981
09/07/2022,SOFR,2.28,958
09/06/2022,SOFR,2.29,989
09/02/2022,SOFR,2.29,965
09/01/2022,SOFR,2.29,979
08/31/2022,SOFR,2.29,1024
08/30/2022,SOFR,2.29,948
08/29/2022,SOFR,2.28,963
08/26/2022,SOFR,2.28,953
08/25/2022,SOFR,2.28,970
08/24/2022,SOFR,2.27,969
08/23/2022,SOFR,2.27,952
08/22/2022,SOFR,2.28,994
08/19/2022,SOFR,2.28,960
08/18/2022,SOFR,2.28,973
08/17/2022,SOFR,2.29,966
08/16/2022,SOFR,2.29,974
08/15/2022,SOFR,2.29,1014
08/12/2022,SOFR,2.28,966
08/11/2022,SOFR,2.28,965
08/10/2022,SOFR,2.28,970
08/09/2022,SOFR,2.29,947
08/08/2022,SOFR,2.28,950
08/05/2022,SOFR,2.28,965
08/04/2022,SOFR,2.29,981
08/03/2022,SOFR,2.29,984
08/02/2022,SOFR,2.3,1015
08/01/2022,SOFR,2.28,1035
07/29/2022,SOFR,2.27,949
07/28/2022,SOFR,2.28,965
07/27/2022,SOFR,1.53,941
07/26/2022,SOFR,1.53,951
07/25/2022,SOFR,1.53,985
07/22/2022,SOFR,1.52,931
07/21/2022,SOFR,1.53,960
07/20/2022,SOFR,1.53,916
07/19/2022,SOFR,1.54,933
07/18/2022,SOFR,1.54,947
07/15/2022,SOFR,1.54,950
07/14/2022,SOFR,1.53,934
07/13/2022,SOFR,1.53,924
07/12/2022,SOFR,1.54,941
07/11/2022,SOFR,1.53,930
07/08/2022,SOFR,1.53,942
07/07/2022,SOFR,1.54,966
07/06/2022,SOFR,1.54,966
07/05/2022,SOFR,1.54,1042
07/01/2022,SOFR,1.52,1001
06/30/2022,SOFR,1.5,995
06/29/2022,SOFR,1.51,940
06/28/2022,SOFR,1.52,929
06/27/2022,SOFR,1.5,945
06/24/2022,SOFR,1.46,926
06/23/2022,SOFR,1.44,944
06/22/2022,SOFR,1.45,942
06/21/2022,SOFR,1.45,957
06/17/2022,SOFR,1.45,923
06/16/2022,SOFR,1.45,976
06/15/2022,SOFR,0.7,917
06/14/2022,SOFR,0.69,925
06/13/2022,SOFR,0.73,970
06/10/2022,SOFR,0.75,960
06/09/2022,SOFR,0.75,985
06/08/2022,SOFR,0.76,959
06/07/2022,SOFR,0.77,947
06/06/2022,SOFR,0.78,959
06/03/2022,SOFR,0.78,954
06/02/2022,SOFR,0.79,974
06/01/2022,SOFR,0.8,994
05/31/2022,SOFR,0.79,1040
05/27/2022,SOFR,0.78,963
05/26/2022,SOFR,0.78,955
05/25/2022,SOFR,0.78,942
05/24/2022,SOFR,0.78,968
05/23/2022,SOFR,0.78,984
05/20/2022,SOFR,0.78,943
05/19/2022,SOFR,0.79,982
05/18/2022,SOFR,0.79,939
05/17/2022,SOFR,0.8,977
05/16/2022,SOFR,0.8,1013
05/13/2022,SOFR,0.79,917
05/12/2022,SOFR,0.79,922
05/11/2022,SOFR,0.78,925
05/10/2022,SOFR,0.78,914
05/09/2022,SOFR,0.78,931
05/06/2022,SOFR,0.78,979
05/05/2022,SOFR,0.79,992
05/04/2022,SOFR,0.3,947
05/03/2022,SOFR,0.3,923
05/02/2022,SOFR,0.3,984
04/29/2022,SOFR,0.28,915
04/28/2022,SOFR,0.28,892
04/27/2022,SOFR,0.28,882
04/26/2022,SOFR,0.27,897
04/25/2022,SOFR,0.27,898
04/22/2022,SOFR,0.27,901
04/21/2022,SOFR,0.26,906
04/20/2022,SOFR,0.27,912
04/19/2022,SOFR,0.28,895
04/18/2022,SOFR,0.29,896
04/14/2022,SOFR,0.29,886
04/13/2022,SOFR,0.29,874
04/12/2022,SOFR,0.29,883
04/11/2022,SOFR,0.3,886
04/08/2022,SOFR,0.3,905
04/07/2022,SOFR,0.3,906
04/06/2022,SOFR,0.3,905
04/05/2022,SOFR,0.3,929
04/04/2022,SOFR,0.3,940
04/01/2022,SOFR,0.3,974
03/31/2022,SOFR,0.29,979
03/30/2022,SOFR,0.27,900
03/29/2022,SOFR,0.28,874
03/28/2022,SOFR,0.28,899
03/25/2022,SOFR,0.28,901
03/24/2022,SOFR,0.27,900
03/23/2022,SOFR,0.27,908
03/22/2022,SOFR,0.28,931
03/21/2022,SOFR,0.29,989
03/18/2022,SOFR,0.3,968
03/17/2022,SOFR,0.3,1003
03/16/2022,SOFR,0.05,1016
03/15/2022,SOFR,0.05,1014
03/14/2022,SOFR,0.05,980
03/11/2022,SOFR,0.05,980
03/10/2022,SOFR,0.05,977
03/09/2022,SOFR,0.05,952
03/08/2022,SOFR,0.05,948
03/07/2022,SOFR,0.05,990
03/04/2022,SOFR,0.05,961
03/03/2022,SOFR,0.05,1001
03/02/2022,SOFR,0.05,1023
03/01/2022,SOFR,0.05,1062
02/28/2022,SOFR,0.05,1052
02/25/2022,SOFR,0.05,962
02/24/2022,SOFR,0.05,924
02/23/2022,SOFR,0.05,902
02/22/2022,SOFR,0.05,930
02/18/2022,SOFR,0.05,931
02/17/2022,SOFR,0.05,911
02/16/2022,SOFR,0.05,960
02/15/2022,SOFR,0.05,972
02/14/2022,SOFR,0.05,895
02/11/2022,SOFR,0.05,903
02/10/2022,SOFR,0.05,914
02/09/2022,SOFR,0.04,911
02/08/2022,SOFR,0.05,896
02/07/2022,SOFR,0.05,905
02/04/2022,SOFR,0.05,891
02/03/2022,SOFR,0.05,935
02/02/2022,SOFR,0.05,927
02/01/2022,SOFR,0.05,985
01/31/2022,SOFR,0.05,1019
01/28/2022,SOFR,0.05,908
01/27/2022,SOFR,0.04,913
01/26/2022,SOFR,0.04,926
01/25/2022,SOFR,0.05,943
01/24/2022,SOFR,0.04,886
01/21/2022,SOFR,0.05,875
01/20/2022,SOFR,0.04,927
01/19/2022,SOFR,0.05,917
01/18/2022,SOFR,0.05,954
01/14/2022,SOFR,0.05,874
01/13/2022,SOFR,0.05,892
01/12/2022,SOFR,0.05,891
01/11/2022,SOFR,0.05,935
01/10/2022,SOFR,0.05,919
01/07/2022,SOFR,0.05,929
01/06/2022,SOFR,0.05,942
01/05/2022,SOFR,0.05,946
01/04/2022,SOFR,0.05,976
01/03/2022,SOFR,0.05,972
12/31/2021,SOFR,0.05,923
12/30/2021,SOFR,0.05,836
12/29/2021,SOFR,0.05,869
12/28/2021,SOFR,0.05,844
12/27/2021,SOFR,0.05,888
12/23/2021,SOFR,0.05,880
12/22/2021,SOFR,0.05,893
12/21/2021,SOFR,0.05,896
12/20/2021,SOFR,0.04,905
12/17/2021,SOFR,0.05,910
12/16/2021,SOFR,0.05,914
12/15/2021,SOFR,0.05,959
12/14/2021,SOFR,0.05,919
12/13/2021,SOFR,0.05,936
12/10/2021,SOFR,0.05,919
12/09/2021,SOFR,0.05,973
12/08/2021,SOFR,0.05,978
12/07/2021,SOFR,0.05,989
12/06/2021,SOFR,0.05,994
12/03/2021,SOFR,0.05,1015
12/02/2021,SOFR,0.05,1031
12/01/2021,SOFR,0.05,1088
11/30/2021,SOFR,0.05,1067
11/29/2021,SOFR,0.05,953
11/26/2021,SOFR,0.05,895
11/24/2021,SOFR,0.05,887
11/23/2021,SOFR,0.05,920
11/22/2021,SOFR,0.05,930
11/19/2021,SOFR,0.05,895
11/18/2021,SOFR,0.05,898
11/17/2021,SOFR,0.05,893
11/16/2021,SOFR,0.05,924
11/15/2021,SOFR,0.05,958
11/12/2021,SOFR,0.05,868
11/10/2021,SOFR,0.05,871
11/09/2021,SOFR,0.05,908
11/08/2021,SOFR,0.05,907
11/05/2021,SOFR,0.05,875
11/04/2021,SOFR,0.05,925
11/03/2021,SOFR,0.05,877
11/02/2021,SOFR,0.05,910
11/01/2021,SOFR,0.05,959
10/29/2021,SOFR,0.05,847
10/28/2021,SOFR,0.05,871
10/27/2021,SOFR,0.05,865
10/26/2021,SOFR,0.05,877
10/25/2021,SOFR,0.04,858
10/22/2021,SOFR,0.05,863
10/21/2021,SOFR,0.03,879
10/20/2021,SOFR,0.03,857
10/19/2021,SOFR,0.03,875
10/18/2021,SOFR,0.05,879
10/15/2021,SOFR,0.05,889
10/14/2021,SOFR,0.05,873
10/13/2021,SOFR,0.05,907
10/12/2021,SOFR,0.05,925
10/08/2021,SOFR,0.05,887
10/07/2021,SOFR,0.05,911
10/06/2021,SOFR,0.05,902
10/05/2021,SOFR,0.05,916
10/04/2021,SOFR,0.05,925
10/01/2021,SOFR,0.05,928
09/30/2021,SOFR,0.05,939
09/29/2021,SOFR,0.05,872
09/28/2021,SOFR,0.05,883
09/27/2021,SOFR,0.05,927
09/24/2021,SOFR,0.05,896
09/23/2021,SOFR,0.05,878
09/22/2021,SOFR,0.05,879
09/21/2021,SOFR,0.05,894
09/20/2021,SOFR,0.05,928
09/17/2021,SOFR,0.05,884
09/16/2021,SOFR,0.05,905
09/15/2021,SOFR,0.05,942
09/14/2021,SOFR,0.05,893
09/13/2021,SOFR,0.05,914
09/10/2021,SOFR,0.05,891
09/09/2021,SOFR,0.05,917
09/08/2021,SOFR,0.05,896
09/07/2021,SOFR,0.05,945
09/03/2021,SOFR,0.05,883
09/02/2021,SOFR,0.05,952
09/01/2021,SOFR,0.05,936
08/31/2021,SOFR,0.05,953
08/30/2021,SOFR,0.05,885
08/27/2021,SOFR,0.05,920
08/26/2021,SOFR,0.05,864
08/25/2021,SOFR,0.05,912
08/24/2021,SOFR,0.05,923
08/23/2021,SOFR,0.05,899
08/20/2021,SOFR,0.05,902
08/19/2021,SOFR,0.05,925
08/18/2021,SOFR,0.05,935
08/17/2021,SOFR,0.05,905
08/16/2021,SOFR,0.05,906
08/13/2021,SOFR,0.05,893
08/12/2021,SOFR,0.05,909
08/11/2021,SOFR,0.05,904
08/10/2021,SOFR,0.05,865
08/09/2021,SOFR,0.05,884
08/06/2021,SOFR,0.05,891
08/05/2021,SOFR,0.05,901
08/04/2021,SOFR,0.05,926
08/03/2021,SOFR,0.05,974
08/02/2021,SOFR,0.05,986
07/30/2021,SOFR,0.05,903
07/29/2021,SOFR,0.05,877
07/28/2021,SOFR,0.05,862
07/27/2021,SOFR,0.05,874
07/26/2021,SOFR,0.05,881
07/23/2021,SOFR,0.05,861
07/22/2021,SOFR,0.05,849
07/21/2021,SOFR,0.05,913
07/20/2021,SOFR,0.05,855
07/19/2021,SOFR,0.05,888
07/16/2021,SOFR,0.05,864
07/15/2021,SOFR,0.05,933
07/14/2021,SOFR,0.05,908
07/13/2021,SOFR,0.05,875
07/12/2021,SOFR,0.05,855
07/09/2021,SOFR,0.05,911
07/08/2021,SOFR,0.05,874
07/07/2021,SOFR,0.05,905
07/06/2021,SOFR,0.05,934
07/02/2021,SOFR,0.05,910
07/01/2021,SOFR,0.05,938
06/30/2021,SOFR,0.05,871
06/29/2021,SOFR,0.05,850
06/28/2021,SOFR,0.05,853
06/25/2021,SOFR,0.05,850
06/24/2021,SOFR,0.05,868
06/23/2021,SOFR,0.05,835
06/22/2021,SOFR,0.05,888
06/21/2021,SOFR,0.05,894
06/18/2021,SOFR,0.05,921
06/17/2021,SOFR,0.05,998
06/16/2021,SOFR,0.01,900
06/15/2021,SOFR,0.01,905
06/14/2021,SOFR,0.01,877
06/11/2021,SOFR,0.01,834
06/10/2021,SOFR,0.01,904
06/09/2021,SOFR,0.01,896
06/08/2021,SOFR,0.01,896
06/07/2021,SOFR,0.01,921
06/04/2021,SOFR,0.01,898
06/03/2021,SOFR,0.01,903
06/02/2021,SOFR,0.01,953
06/01/2021,SOFR,0.01,977
05/28/2021,SOFR,0.01,868
05/27/2021,SOFR,0.01,877
05/26/2021,SOFR,0.01,869
05/25/2021,SOFR,0.01,877
05/24/2021,SOFR,0.01,858
05/21/2021,SOFR,0.01,857
05/20/2021,SOFR,0.01,872
05/19/2021,SOFR,0.01,891
05/18/2021,SOFR,0.01,888
05/17/2021,SOFR,0.01,902
05/14/2021,SOFR,0.01,865
05/13/2021,SOFR,0.01,860
05/12/2021,SOFR,0.01,895
05/11/2021,SOFR,0.01,865
05/10/2021,SOFR,0.01,869
05/07/2021,SOFR,0.01,869
05/06/2021,SOFR,0.01,883
05/05/2021,SOFR,0.01,841
05/04/2021,SOFR,0.01,895
05/03/2021,SOFR,0.01,930
04/30/2021,SOFR,0.01,924
04/29/2021,SOFR,0.01,838
04/28/2021,SOFR,0.01,847
04/27/2021,SOFR,0.01,879
04/26/2021,SOFR,0.01,875
04/23/2021,SOFR,0.01,871
04/22/2021,SOFR,0.01,870
04/21/2021,SOFR,0.01,882
04/20/2021,SOFR,0.01,896
04/19/2021,SOFR,0.01,919
04/16/2021,SOFR,0.01,913
04/15/2021,SOFR,0.01,928
04/14/2021,SOFR,0.01,883
04/13/2021,SOFR,0.01,894
04/12/2021,SOFR,0.01,863
04/09/2021,SOFR,0.01,867
04/08/2021,SOFR,0.01,896
04/07/2021,SOFR,0.01,924
04/06/2021,SOFR,0.01,979
04/05/2021,SOFR,0.01,985
04/01/2021,SOFR,0.01,989
03/31/2021,SOFR,0.01,931
03/30/2021,SOFR,0.01,808
03/29/2021,SOFR,0.01,858
03/26/2021,SOFR,0.01,924
03/25/2021,SOFR,0.01,956
03/24/2021,SOFR,0.01,895
03/23/2021,SOFR,0.01,896
03/22/2021,SOFR,0.01,869
03/19/2021,SOFR,0.01,865
03/18/2021,SOFR,0.01,868
03/17/2021,SOFR,0.01,883
03/16/2021,SOFR,0.01,914
03/15/2021,SOFR,0.01,898
03/12/2021,SOFR,0.01,889
03/11/2021,SOFR,0.01,884
03/10/2021,SOFR,0.02,914
03/09/2021,SOFR,0.02,914
03/08/2021,SOFR,0.02,928
03/05/2021,SOFR,0.02,933
03/04/2021,SOFR,0.02,936
03/03/2021,SOFR,0.04,897
03/02/2021,SOFR,0.04,951
03/01/2021,SOFR,0.02,988
02/26/2021,SOFR,0.01,889
02/25/2021,SOFR,0.03,896
02/24/2021,SOFR,0.02,870
02/23/2021,SOFR,0.01,917
02/22/2021,SOFR,0.03,860
02/19/2021,SOFR,0.02,873
02/18/2021,SOFR,0.03,872
02/17/2021,SOFR,0.06,957
02/16/2021,SOFR,0.06,934
02/12/2021,SOFR,0.05,890
02/11/2021,SOFR,0.06,891
02/10/2021,SOFR,0.06,884
02/09/2021,SOFR,0.05,901
02/08/2021,SOFR,0.02,920
02/05/2021,SOFR,0.02,933
02/04/2021,SOFR,0.05,989
02/03/2021,SOFR,0.07,962
02/02/2021,SOFR,0.07,968
02/01/2021,SOFR,0.07,1010
01/29/2021,SOFR,0.06,915
01/28/2021,SOFR,0.04,906
01/27/2021,SOFR,0.03,913
01/26/2021,SOFR,0.03,926
01/25/2021,SOFR,0.06,885
01/22/2021,SOFR,0.05,906
01/21/2021,SOFR,0.04,922
01/20/2021,SOFR,0.06,883
01/19/2021,SOFR,0.07,936
01/15/2021,SOFR,0.08,904
01/14/2021,SOFR,0.08,887
01/13/2021,SOFR,0.08,911
01/12/2021,SOFR,0.08,918
01/11/2021,SOFR,0.09,964
01/08/2021,SOFR,0.09,992
01/07/2021,SOFR,0.1,951
01/06/2021,SOFR,0.1,978
01/05/2021,SOFR,0.11,986
01/04/2021,SOFR,0.1,1046
12/31/2020,SOFR,0.07,1095
12/30/2020,SOFR,0.09,916
12/29/2020,SOFR,0.1,945
12/28/2020,SOFR,0.09,946
12/24/2020,SOFR,0.08,895
12/23/2020,SOFR,0.06,921
12/22/2020,SOFR,0.07,923
12/21/2020,SOFR,0.09,922
12/18/2020,SOFR,0.09,943
12/17/2020,SOFR,0.09,922
12/16/2020,SOFR,0.09,914
12/15/2020,SOFR,0.09,933
12/14/2020,SOFR,0.08,907
12/11/2020,SOFR,0.08,885
12/10/2020,SOFR,0.08,946
12/09/2020,SOFR,0.08,935
12/08/2020,SOFR,0.07,939
12/07/2020,SOFR,0.08,951
12/04/2020,SOFR,0.09,951
12/03/2020,SOFR,0.08,954
12/02/2020,SOFR,0.08,926
12/01/2020,SOFR,0.08,972
11/30/2020,SOFR,0.09,1055
11/27/2020,SOFR,0.08,900
11/25/2020,SOFR,0.08,937
11/24/2020,SOFR,0.07,910
11/23/2020,SOFR,0.05,913
11/20/2020,SOFR,0.05,920
11/19/2020,SOFR,0.06,911
11/18/2020,SOFR,0.07,941
11/17/2020,SOFR,0.09,970
11/16/2020,SOFR,0.1,953
11/13/2020,SOFR,0.09,904
11/12/2020,SOFR,0.09,912
11/10/2020,SOFR,0.1,923
11/09/2020,SOFR,0.1,904
11/06/2020,SOFR,0.1,888
11/05/2020,SOFR,0.11,938
11/04/2020,SOFR,0.1,899
11/03/2020,SOFR,0.1,948
11/02/2020,SOFR,0.11,956
10/30/2020,SOFR,0.09,873
10/29/2020,SOFR,0.09,866
10/28/2020,SOFR,0.08,910
10/27/2020,SOFR,0.09,931
10/26/2020,SOFR,0.09,921
10/23/2020,SOFR,0.08,915
10/22/2020,SOFR,0.07,929
10/21/2020,SOFR,0.07,943
10/20/2020,SOFR,0.08,918
10/19/2020,SOFR,0.09,903
10/16/2020,SOFR,0.09,914
10/15/2020,SOFR,0.1,952
10/14/2020,SOFR,0.09,885
10/13/2020,SOFR,0.09,930
10/09/2020,SOFR,0.09,894
10/08/2020,SOFR,0.08,924
10/07/2020,SOFR,0.09,925
10/06/2020,SOFR,0.1,920
10/05/2020,SOFR,0.09,955
10/02/2020,SOFR,0.1,927
10/01/2020,SOFR,0.08,1020
09/30/2020,SOFR,0.08,975
09/29/2020,SOFR,0.07,916
09/28/2020,SOFR,0.08,923
09/25/2020,SOFR,0.08,929
09/24/2020,SOFR,0.07,919
09/23/2020,SOFR,0.06,945
09/22/2020,SOFR,0.07,941
09/21/2020,SOFR,0.08,925
09/18/2020,SOFR,0.09,896
09/17/2020,SOFR,0.1,892
09/16/2020,SOFR,0.1,899
09/15/2020,SOFR,0.1,938
09/14/2020,SOFR,0.09,881
09/11/2020,SOFR,0.09,900
09/10/2020,SOFR,0.09,924
09/09/2020,SOFR,0.09,937
09/08/2020,SOFR,0.09,957
09/04/2020,SOFR,0.09,935
09/03/2020,SOFR,0.1,955
09/02/2020,SOFR,0.09,947
09/01/2020,SOFR,0.09,969
08/31/2020,SOFR,0.09,934
08/28/2020,SOFR,0.07,881
08/27/2020,SOFR,0.07,898
08/26/2020,SOFR,0.07,938
08/25/2020,SOFR,0.08,931
08/24/2020,SOFR,0.08,935
08/21/2020,SOFR,0.07,959
08/20/2020,SOFR,0.07,983
08/19/2020,SOFR,0.09,961
08/18/2020,SOFR,0.09,977
08/17/2020,SOFR,0.1,944
08/14/2020,SOFR,0.09,930
08/13/2020,SOFR,0.09,989
08/12/2020,SOFR,0.09,964
08/11/2020,SOFR,0.1,956
08/10/2020,SOFR,0.09,948
08/07/2020,SOFR,0.09,944
08/06/2020,SOFR,0.09,1029
08/05/2020,SOFR,0.09,1028
08/04/2020,SOFR,0.09,1051
08/03/2020,SOFR,0.1,991
07/31/2020,SOFR,0.1,1034
07/30/2020,SOFR,0.1,928
07/29/2020,SOFR,0.09,948
07/28/2020,SOFR,0.1,955
07/27/2020,SOFR,0.1,973
07/24/2020,SOFR,0.1,950
07/23/2020,SOFR,0.1,942
07/22/2020,SOFR,0.1,1031
07/21/2020,SOFR,0.11,963
07/20/2020,SOFR,0.12,975
07/17/2020,SOFR,0.12,988
07/16/2020,SOFR,0.12,957
07/15/2020,SOFR,0.13,939
07/14/2020,SOFR,0.11,972
07/13/2020,SOFR,0.1,960
07/10/2020,SOFR,0.1,942
07/09/2020,SOFR,0.1,984
07/08/2020,SOFR,0.1,954
07/07/2020,SOFR,0.1,969
07/06/2020,SOFR,0.1,977
07/02/2020,SOFR,0.11,952
07/01/2020,SOFR,0.11,1003
06/30/2020,SOFR,0.1,970
06/29/2020,SOFR,0.08,940
06/26/2020,SOFR,0.08,938
06/25/2020,SOFR,0.09,984
06/24/2020,SOFR,0.08,1015
06/23/2020,SOFR,0.07,992
06/22/2020,SOFR,0.08,1024
06/19/2020,SOFR,0.09,963
06/18/2020,SOFR,0.09,1046
06/17/2020,SOFR,0.09,1012
06/16/2020,SOFR,0.09,986
06/15/2020,SOFR,0.09,1000
06/12/2020,SOFR,0.08,969
06/11/2020,SOFR,0.08,1009
06/10/2020,SOFR,0.07,1008
06/09/2020,SOFR,0.08,1034
06/08/2020,SOFR,0.07,1032
06/05/2020,SOFR,0.07,1021
06/04/2020,SOFR,0.07,1067
06/03/2020,SOFR,0.06,1024
06/02/2020,SOFR,0.07,1054
06/01/2020,SOFR,0.06,1104
05/29/2020,SOFR,0.06,1061
05/28/2020,SOFR,0.06,1031
05/27/2020,SOFR,0.06,1069
05/26/2020,SOFR,0.06,1081
05/22/2020,SOFR,0.04,1085
05/21/2020,SOFR,0.02,1117
05/20/2020,SOFR,0.01,1103
05/19/2020,SOFR,0.04,1127
05/18/2020,SOFR,0.04,1130
05/15/2020,SOFR,0.05,1127
05/14/2020,SOFR,0.02,1102
05/13/2020,SOFR,0.04,1085
05/12/2020,SOFR,0.06,1142
05/11/2020,SOFR,0.06,1123
05/08/2020,SOFR,0.06,1142
05/07/2020,SOFR,0.05,1127
05/06/2020,SOFR,0.05,1127
05/05/2020,SOFR,0.05,1172
05/04/2020,SOFR,0.05,1184
05/01/2020,SOFR,0.03,1190
04/30/2020,SOFR,0.04,1180
04/29/2020,SOFR,0.01,1141
04/28/2020,SOFR,0.01,1165
04/27/2020,SOFR,0.03,1145
04/24/2020,SOFR,0.03,1208
04/23/2020,SOFR,0.01,1141
04/22/2020,SOFR,0.01,1158
04/21/2020,SOFR,0.01,1163
04/20/2020,SOFR,0.02,1158
04/17/2020,SOFR,0.03,1231
04/16/2020,SOFR,0.03,1223
04/15/2020,SOFR,0.03,1257
04/14/2020,SOFR,0.06,1152
04/13/2020,SOFR,0.02,1193
04/09/2020,SOFR,0.01,1160
04/08/2020,SOFR,0.01,1152
04/07/2020,SOFR,0.01,1226
04/06/2020,SOFR,0.01,1254
04/03/2020,SOFR,0.01,1266
04/02/2020,SOFR,0.01,1202
04/01/2020,SOFR,0.01,1226
03/31/2020,SOFR,0.01,1127
03/30/2020,SOFR,0.01,1157
03/27/2020,SOFR,0.01,1222
03/26/2020,SOFR,0.01,1233
03/25/2020,SOFR,0.01,1229
03/24/2020,SOFR,0.01,1280
03/23/2020,SOFR,0.02,1277
03/20/2020,SOFR,0.04,1235
03/19/2020,SOFR,0.06,1319
03/18/2020,SOFR,0.1,1358
03/17/2020,SOFR,0.54,1335
03/16/2020,SOFR,0.26,1306
03/13/2020,SOFR,1.1,1298
03/12/2020,SOFR,1.2,1293
03/11/2020,SOFR,1.15,1222
03/10/2020,SOFR,1.11,1264
03/09/2020,SOFR,1.09,1256
03/06/2020,SOFR,1.1,1295
03/05/2020,SOFR,1.12,1254
03/04/2020,SOFR,1.23,1261
03/03/2020,SOFR,1.64,1238
03/02/2020,SOFR,1.59,1291
02/28/2020,SOFR,1.6,1156
02/27/2020,SOFR,1.58,1106
02/26/2020,SOFR,1.58,1120
02/25/2020,SOFR,1.59,1122
02/24/2020,SOFR,1.58,1106
02/21/2020,SOFR,1.58,1099
02/20/2020,SOFR,1.6,1112
02/19/2020,SOFR,1.59,1128
02/18/2020,SOFR,1.6,1163
02/14/2020,SOFR,1.58,1086
02/13/2020,SOFR,1.57,1114
02/12/2020,SOFR,1.57,1124
02/11/2020,SOFR,1.58,1114
02/10/2020,SOFR,1.58,1111
02/07/2020,SOFR,1.58,1111
02/06/2020,SOFR,1.59,1105
02/05/2020,SOFR,1.59,1168
02/04/2020,SOFR,1.6,1161
02/03/2020,SOFR,1.59,1134
01/31/2020,SOFR,1.6,1149
01/30/2020,SOFR,1.58,1072
01/29/2020,SOFR,1.53,1082
01/28/2020,SOFR,1.53,1074
01/27/2020,SOFR,1.53,1051
01/24/2020,SOFR,1.53,1070
01/23/2020,SOFR,1.54,1051
01/22/2020,SOFR,1.54,1085
01/21/2020,SOFR,1.54,1067
01/17/2020,SOFR,1.54,1043
01/16/2020,SOFR,1.55,1069
01/15/2020,SOFR,1.56,1022
01/14/2020,SOFR,1.55,1009
01/13/2020,SOFR,1.54,1021
01/10/2020,SOFR,1.55,1013
01/09/2020,SOFR,1.55,1011
01/08/2020,SOFR,1.55,1007
01/07/2020,SOFR,1.56,1028
01/06/2020,SOFR,1.55,1034
01/03/2020,SOFR,1.55,1030
01/02/2020,SOFR,1.54,1123
12/31/2019,SOFR,1.55,1010
12/30/2019,SOFR,1.54,1036
12/27/2019,SOFR,1.53,1038
12/26/2019,SOFR,1.52,1000
12/24/2019,SOFR,1.52,1006
12/23/2019,SOFR,1.52,1027
12/20/2019,SOFR,1.53,967
12/19/2019,SOFR,1.53,988
12/18/2019,SOFR,1.53,1057
12/17/2019,SOFR,1.54,1014
12/16/2019,SOFR,1.62,1025
12/13/2019,SOFR,1.54,1017
12/12/2019,SOFR,1.53,1039
12/11/2019,SOFR,1.54,1056
12/10/2019,SOFR,1.55,1049
12/09/2019,SOFR,1.56,1042
12/06/2019,SOFR,1.55,1017
12/05/2019,SOFR,1.55,1017
12/04/2019,SOFR,1.54,1046
12/03/2019,SOFR,1.55,1050
12/02/2019,SOFR,1.63,1104
11/29/2019,SOFR,1.65,1004
11/27/2019,SOFR,1.55,1011
11/26/2019,SOFR,1.54,1056
11/25/2019,SOFR,1.56,994
11/22/2019,SOFR,1.58,1028
11/21/2019,SOFR,1.58,993
11/20/2019,SOFR,1.57,1001
11/19/2019,SOFR,1.57,1008
11/18/2019,SOFR,1.56,1012
11/15/2019,SOFR,1.59,1049
11/14/2019,SOFR,1.58,1027
11/13/2019,SOFR,1.57,1018
11/12/2019,SOFR,1.57,1064
11/08/2019,SOFR,1.56,1016
11/07/2019,SOFR,1.56,1066
11/06/2019,SOFR,1.57,1083
11/05/2019,SOFR,1.58,1062
11/04/2019,SOFR,1.56,1146
11/01/2019,SOFR,1.58,1118
10/31/2019,SOFR,1.76,1174
10/30/2019,SOFR,1.82,1099
10/29/2019,SOFR,1.81,1048
10/28/2019,SOFR,1.82,1089
10/25/2019,SOFR,1.84,1077
10/24/2019,SOFR,1.86,1086
10/23/2019,SOFR,1.87,1065
10/22/2019,SOFR,1.87,1079
10/21/2019,SOFR,1.86,1054
10/18/2019,SOFR,1.88,1120
10/17/2019,SOFR,1.95,1077
10/16/2019,SOFR,2.05,1086
10/15/2019,SOFR,2,1088
10/11/2019,SOFR,1.85,1024
10/10/2019,SOFR,1.85,1124
10/09/2019,SOFR,1.85,1061
10/08/2019,SOFR,1.85,1070
10/07/2019,SOFR,1.83,1070
10/04/2019,SOFR,1.82,1094
10/03/2019,SOFR,1.84,1120
10/02/2019,SOFR,1.85,1147
10/01/2019,SOFR,1.88,1183
09/30/2019,SOFR,2.35,1097
09/27/2019,SOFR,1.82,1084
09/26/2019,SOFR,1.85,1092
09/25/2019,SOFR,2.01,1080
09/24/2019,SOFR,1.96,1085
09/23/2019,SOFR,1.85,1140
09/20/2019,SOFR,1.86,1121
09/19/2019,SOFR,1.95,1137
09/18/2019,SOFR,2.55,1196
09/17/2019,SOFR,5.25,1177
09/16/2019,SOFR,2.43,1156
09/13/2019,SOFR,2.2,1134
09/12/2019,SOFR,2.2,1156
09/11/2019,SOFR,2.15,1179
09/10/2019,SOFR,2.14,1186
09/09/2019,SOFR,2.12,1243
09/06/2019,SOFR,2.15,1222
09/05/2019,SOFR,2.21,1197
09/04/2019,SOFR,2.21,1222
09/03/2019,SOFR,2.17,1281
08/30/2019,SOFR,2.16,1194
08/29/2019,SOFR,2.12,1196
08/28/2019,SOFR,2.12,1196
08/27/2019,SOFR,2.15,1197
08/26/2019,SOFR,2.1,1190
08/23/2019,SOFR,2.1,1130
08/22/2019,SOFR,2.09,1160
08/21/2019,SOFR,2.1,1188
08/20/2019,SOFR,2.13,1228
08/19/2019,SOFR,2.11,1241
08/16/2019,SOFR,2.13,1247
08/15/2019,SOFR,2.18,1218
08/14/2019,SOFR,2.13,1244
08/13/2019,SOFR,2.16,1183
08/12/2019,SOFR,2.12,1177
08/09/2019,SOFR,2.11,1186
08/08/2019,SOFR,2.09,1218
08/07/2019,SOFR,2.1,1196
08/06/2019,SOFR,2.11,1234
08/05/2019,SOFR,2.13,1253
08/02/2019,SOFR,2.19,1185
08/01/2019,SOFR,2.19,1183
07/31/2019,SOFR,2.55,1217
07/30/2019,SOFR,2.39,1158
07/29/2019,SOFR,2.4,1153
07/26/2019,SOFR,2.41,1142
07/25/2019,SOFR,2.42,1153
07/24/2019,SOFR,2.41,1139
07/23/2019,SOFR,2.4,1091
07/22/2019,SOFR,2.4,1123
07/19/2019,SOFR,2.41,1140
07/18/2019,SOFR,2.46,1114
07/17/2019,SOFR,2.47,1104
07/16/2019,SOFR,2.47,1102
07/15/2019,SOFR,2.46,1199
07/12/2019,SOFR,2.36,1138
07/11/2019,SOFR,2.41,1147
07/10/2019,SOFR,2.46,1139
07/09/2019,SOFR,2.45,1178
07/08/2019,SOFR,2.48,1211
07/05/2019,SOFR,2.59,1193
07/03/2019,SOFR,2.56,1213
07/02/2019,SOFR,2.51,1224
07/01/2019,SOFR,2.42,1181
06/28/2019,SOFR,2.5,1113
06/27/2019,SOFR,2.42,1117
06/26/2019,SOFR,2.43,1099
06/25/2019,SOFR,2.41,1101
06/24/2019,SOFR,2.39,1092
06/21/2019,SOFR,2.37,1103
06/20/2019,SOFR,2.36,1067
06/19/2019,SOFR,2.36,1059
06/18/2019,SOFR,2.39,1059
06/17/2019,SOFR,2.41,1098
06/14/2019,SOFR,2.35,1047
06/13/2019,SOFR,2.35,1039
06/12/2019,SOFR,2.37,1099
06/11/2019,SOFR,2.38,1048
06/10/2019,SOFR,2.39,1112
06/07/2019,SOFR,2.39,1104
06/06/2019,SOFR,2.4,1031
06/05/2019,SOFR,2.4,1082
06/04/2019,SOFR,2.39,1110
06/03/2019,SOFR,2.4,1162
05/31/2019,SOFR,2.49,1136
05/30/2019,SOFR,2.4,1083
05/29/2019,SOFR,2.4,1099
05/28/2019,SOFR,2.41,1085
05/24/2019,SOFR,2.37,1038
05/23/2019,SOFR,2.37,1039
05/22/2019,SOFR,2.37,1037
05/21/2019,SOFR,2.38,1017
05/20/2019,SOFR,2.39,1038
05/17/2019,SOFR,2.42,1036
05/16/2019,SOFR,2.43,1030
05/15/2019,SOFR,2.48,1052
05/14/2019,SOFR,2.39,1012
05/13/2019,SOFR,2.38,1007
05/10/2019,SOFR,2.4,1034
05/09/2019,SOFR,2.41,1011
05/08/2019,SOFR,2.43,1034
05/07/2019,SOFR,2.44,1069
05/06/2019,SOFR,2.42,1021
05/03/2019,SOFR,2.43,1076
05/02/2019,SOFR,2.5,1053
05/01/2019,SOFR,2.54,1074
04/30/2019,SOFR,2.76,1084
04/29/2019,SOFR,2.48,968
04/26/2019,SOFR,2.46,982
04/25/2019,SOFR,2.45,962
04/24/2019,SOFR,2.44,1018
04/23/2019,SOFR,2.46,969
04/22/2019,SOFR,2.46,978
04/18/2019,SOFR,2.5,979
04/17/2019,SOFR,2.5,954
04/16/2019,SOFR,2.47,961
04/15/2019,SOFR,2.47,968
04/12/2019,SOFR,2.44,955
04/11/2019,SOFR,2.44,974
04/10/2019,SOFR,2.45,945
04/09/2019,SOFR,2.45,970
04/08/2019,SOFR,2.46,949
04/05/2019,SOFR,2.46,976
04/04/2019,SOFR,2.46,1000
04/03/2019,SOFR,2.47,987
04/02/2019,SOFR,2.46,978
04/01/2019,SOFR,2.46,978
03/29/2019,SOFR,2.65,897
03/28/2019,SOFR,2.43,898
03/27/2019,SOFR,2.4,879
03/26/2019,SOFR,2.4,901
03/25/2019,SOFR,2.4,919
03/22/2019,SOFR,2.4,889
03/21/2019,SOFR,2.44,921
03/20/2019,SOFR,2.47,928
03/19/2019,SOFR,2.42,945
03/18/2019,SOFR,2.41,942
03/15/2019,SOFR,2.46,940
03/14/2019,SOFR,2.42,879
03/13/2019,SOFR,2.4,925
03/12/2019,SOFR,2.39,916
03/11/2019,SOFR,2.38,949
03/08/2019,SOFR,2.39,954
03/07/2019,SOFR,2.38,972
03/06/2019,SOFR,2.38,977
03/05/2019,SOFR,2.38,956
03/04/2019,SOFR,2.38,965
03/01/2019,SOFR,2.38,1007
02/28/2019,SOFR,2.58,1003
02/27/2019,SOFR,2.37,898
02/26/2019,SOFR,2.38,919
02/25/2019,SOFR,2.38,938
02/22/2019,SOFR,2.4,894
02/21/2019,SOFR,2.39,886
02/20/2019,SOFR,2.39,913
02/19/2019,SOFR,2.4,941
02/15/2019,SOFR,2.43,913
02/14/2019,SOFR,2.39,862
02/13/2019,SOFR,2.38,928
02/12/2019,SOFR,2.39,920
02/11/2019,SOFR,2.4,984
02/08/2019,SOFR,2.37,912
02/07/2019,SOFR,2.38,918
02/06/2019,SOFR,2.38,942
02/05/2019,SOFR,2.4,932
02/04/2019,SOFR,2.4,964
02/01/2019,SOFR,2.47,993
01/31/2019,SOFR,2.58,1048
01/30/2019,SOFR,2.39,948
01/29/2019,SOFR,2.4,934
01/28/2019,SOFR,2.39,981
01/25/2019,SOFR,2.4,915
01/24/2019,SOFR,2.41,994
01/23/2019,SOFR,2.4,956
01/22/2019,SOFR,2.41,967
01/18/2019,SOFR,2.42,974
01/17/2019,SOFR,2.41,969
01/16/2019,SOFR,2.43,988
01/15/2019,SOFR,2.46,991
01/14/2019,SOFR,2.4,977
01/11/2019,SOFR,2.41,973
01/10/2019,SOFR,2.43,1026
01/09/2019,SOFR,2.45,1032
01/08/2019,SOFR,2.42,1070
01/07/2019,SOFR,2.41,1052
01/04/2019,SOFR,2.45,1041
01/03/2019,SOFR,2.7,1063
01/02/2019,SOFR,3.15,1092
12/31/2018,SOFR,3,1000
12/28/2018,SOFR,2.46,927
12/27/2018,SOFR,2.44,943
12/26/2018,SOFR,2.44,957
12/24/2018,SOFR,2.41,881
12/21/2018,SOFR,2.4,927
12/20/2018,SOFR,2.41,963
12/19/2018,SOFR,2.3,910
12/18/2018,SOFR,2.32,920
12/17/2018,SOFR,2.31,935
12/14/2018,SOFR,2.21,867
12/13/2018,SOFR,2.21,897
12/12/2018,SOFR,2.2,882
12/11/2018,SOFR,2.19,868
12/10/2018,SOFR,2.22,903
12/07/2018,SOFR,2.3,912
12/06/2018,SOFR,2.34,963
12/04/2018,SOFR,2.27,892
12/03/2018,SOFR,2.23,912
11/30/2018,SOFR,2.28,919
11/29/2018,SOFR,2.24,850
11/28/2018,SOFR,2.19,850
11/27/2018,SOFR,2.19,843
11/26/2018,SOFR,2.2,862
11/23/2018,SOFR,2.23,820
11/21/2018,SOFR,2.18,819
11/20/2018,SOFR,2.2,845
11/19/2018,SOFR,2.24,863
11/16/2018,SOFR,2.26,828
11/15/2018,SOFR,2.28,846
11/14/2018,SOFR,2.2,803
11/13/2018,SOFR,2.2,817
11/09/2018,SOFR,2.2,836
11/08/2018,SOFR,2.21,819
11/07/2018,SOFR,2.18,823
11/06/2018,SOFR,2.22,802
11/05/2018,SOFR,2.24,842
11/02/2018,SOFR,2.25,853
11/01/2018,SOFR,2.22,835
10/31/2018,SOFR,2.22,849
10/30/2018,SOFR,2.18,788
10/29/2018,SOFR,2.18,806
10/26/2018,SOFR,2.19,779
10/25/2018,SOFR,2.19,822
10/24/2018,SOFR,2.18,828
10/23/2018,SOFR,2.17,779
10/22/2018,SOFR,2.18,791
10/19/2018,SOFR,2.19,785
10/18/2018,SOFR,2.19,810
10/17/2018,SOFR,2.18,771
10/16/2018,SOFR,2.18,816
10/15/2018,SOFR,2.21,837
10/12/2018,SOFR,2.18,852
10/11/2018,SOFR,2.17,838
10/10/2018,SOFR,2.15,839
10/09/2018,SOFR,2.15,855
10/05/2018,SOFR,2.16,873
10/04/2018,SOFR,2.18,816
10/03/2018,SOFR,2.2,855
10/02/2018,SOFR,2.2,861
10/01/2018,SOFR,2.22,917
09/28/2018,SOFR,2.25,807
09/27/2018,SOFR,2.16,825
09/26/2018,SOFR,1.92,828
09/25/2018,SOFR,1.93,814
09/24/2018,SOFR,1.95,799
09/21/2018,SOFR,1.92,781
09/20/2018,SOFR,1.92,808
09/19/2018,SOFR,1.92,794
09/18/2018,SOFR,1.94,819
09/17/2018,SOFR,2,789
09/14/2018,SOFR,1.95,798
09/13/2018,SOFR,1.94,810
09/12/2018,SOFR,1.94,810
09/11/2018,SOFR,1.94,802
09/10/2018,SOFR,1.94,816
09/07/2018,SOFR,1.94,802
09/06/2018,SOFR,1.94,799
09/05/2018,SOFR,1.95,798
09/04/2018,SOFR,1.95,833
08/31/2018,SOFR,1.97,804
08/30/2018,SOFR,1.93,795
08/29/2018,SOFR,1.93,797
08/28/2018,SOFR,1.95,805
08/27/2018,SOFR,1.95,814
08/24/2018,SOFR,1.95,773
08/23/2018,SOFR,1.94,773
08/22/2018,SOFR,1.9,787
08/21/2018,SOFR,1.9,772
08/20/2018,SOFR,1.9,778
08/17/2018,SOFR,1.9,799
08/16/2018,SOFR,1.99,782
08/15/2018,SOFR,1.98,807
08/14/2018,SOFR,1.93,729
08/13/2018,SOFR,1.91,733
08/10/2018,SOFR,1.9,735
08/09/2018,SOFR,1.91,761
08/08/2018,SOFR,1.88,738
08/07/2018,SOFR,1.87,732
08/06/2018,SOFR,1.86,763
08/03/2018,SOFR,1.86,763
08/02/2018,SOFR,1.91,781
08/01/2018,SOFR,1.88,786
07/31/2018,SOFR,1.93,799
07/30/2018,SOFR,1.88,768
07/27/2018,SOFR,1.88,774
07/26/2018,SOFR,1.9,784
07/25/2018,SOFR,1.87,753
07/24/2018,SOFR,1.9,775
07/23/2018,SOFR,1.87,764
07/20/2018,SOFR,1.88,773
07/19/2018,SOFR,1.9,769
07/18/2018,SOFR,1.9,783
07/17/2018,SOFR,1.92,766
07/16/2018,SOFR,1.95,767
07/13/2018,SOFR,1.9,735
07/12/2018,SOFR,1.9,747
07/11/2018,SOFR,1.89,766
07/10/2018,SOFR,1.89,762
07/09/2018,SOFR,1.89,784
07/06/2018,SOFR,1.93,760
07/05/2018,SOFR,1.97,807
07/03/2018,SOFR,2,768
07/02/2018,SOFR,2.04,775
06/29/2018,SOFR,2.12,702
06/28/2018,SOFR,1.93,768
06/27/2018,SOFR,1.9,760
06/26/2018,SOFR,1.9,757
06/25/2018,SOFR,1.91,755
06/22/2018,SOFR,1.92,742
06/21/2018,SOFR,1.87,753
06/20/2018,SOFR,1.87,769
06/19/2018,SOFR,1.88,799
06/18/2018,SOFR,1.9,799
06/15/2018,SOFR,1.91,802
06/14/2018,SOFR,1.9,818
06/13/2018,SOFR,1.71,817
06/12/2018,SOFR,1.67,774
06/11/2018,SOFR,1.69,791
06/08/2018,SOFR,1.69,806
06/07/2018,SOFR,1.71,813
06/06/2018,SOFR,1.73,805
06/05/2018,SOFR,1.75,797
06/04/2018,SOFR,1.8,825
06/01/2018,SOFR,1.81,807
05/31/2018,SOFR,1.81,872
05/30/2018,SOFR,1.72,801
05/29/2018,SOFR,1.72,796
05/25/2018,SOFR,1.73,749
05/24/2018,SOFR,1.74,772
05/23/2018,SOFR,1.67,729
05/22/2018,SOFR,1.65,748
05/21/2018,SOFR,1.69,772
05/18/2018,SOFR,1.73,750
05/17/2018,SOFR,1.74,754
05/16/2018,SOFR,1.75,754
05/15/2018,SOFR,1.79,770
05/14/2018,SOFR,1.75,741
05/11/2018,SOFR,1.73,746
05/10/2018,SOFR,1.73,737
05/09/2018,SOFR,1.72,783
05/08/2018,SOFR,1.72,746
05/07/2018,SOFR,1.71,760
05/04/2018,SOFR,1.72,752
05/03/2018,SOFR,1.74,759
05/02/2018,SOFR,1.75,753
05/01/2018,SOFR,1.76,761
04/30/2018,SOFR,1.77,775
04/27/2018,SOFR,1.72,732
04/26/2018,SOFR,1.72,725
04/25/2018,SOFR,1.71,728
04/24/2018,SOFR,1.71,747
04/23/2018,SOFR,1.7,755
04/20/2018,SOFR,1.72,726
04/19/2018,SOFR,1.73,745
04/18/2018,SOFR,1.75,738
04/17/2018,SOFR,1.76,729
04/16/2018,SOFR,1.77,770
04/13/2018,SOFR,1.72,776
04/12/2018,SOFR,1.73,871
04/11/2018,SOFR,1.76,811
04/10/2018,SOFR,1.75,811
04/09/2018,SOFR,1.75,833
04/06/2018,SOFR,1.75,845
04/05/2018,SOFR,1.75,829
04/04/2018,SOFR,1.74,859
04/03/2018,SOFR,1.83,825
04/02/2018,SOFR,1.8,849
,,,